seed,noise_std,dropout,identity_control_correct,reverse_calibration_correct,reverse_calibration_mapping,identity_calibration_mse,identity_calibration_flip_mse,reverse_calibration_identity_mse,reverse_calibration_flip_mse,reverse_calibration_confidence_gap,identity_map_accuracy,reverse_map_accuracy,single_bank_rmse,single_bank_nrmse,uncorrected_flip_rmse,uncorrected_flip_nrmse,calibrated_rmse,calibrated_nrmse,oracle_rmse,oracle_nrmse,identity_control_nrmse,duplicate_unique_channels,duplicate_mask_shape_channels,duplicate_vs_single_max_abs,duplicate_nrmse
0,0.0,0.0,True,True,reversed,0.0,2.0,2.0,0.0,1.0,1.0,1.0,0.0,0.0,0.564149973688861,0.7592197616926927,0.0,0.0,0.0,0.0,0.0,512,1024,0.0,0.0
1,0.0,0.0,True,True,reversed,0.0,2.0,2.0,0.0,1.0,1.0,1.0,0.0,0.0,0.4093491938696656,0.6231225594087891,0.0,0.0,0.0,0.0,0.0,512,1024,0.0,0.0
2,0.0,0.0,True,True,reversed,0.0,2.0,2.0,0.0,1.0,1.0,1.0,0.0,0.0,0.5205788390233842,0.7746803887192165,0.0,0.0,0.0,0.0,0.0,512,1024,0.0,0.0
3,0.0,0.0,True,True,reversed,0.0,2.0,2.0,0.0,1.0,1.0,1.0,0.0,0.0,0.5310897704006379,0.48975330523127686,0.0,0.0,0.0,0.0,0.0,512,1024,0.0,0.0
4,0.0,0.0,True,True,reversed,0.0,2.0,2.0,0.0,1.0,1.0,1.0,0.0,0.0,0.34844044744973374,0.49533557000599493,0.0,0.0,0.0,0.0,0.0,512,1024,0.0,0.0
5,0.0,0.0,True,True,reversed,0.0,2.0,2.0,0.0,1.0,1.0,1.0,0.0,0.0,0.4042085884022491,0.7807784283378129,0.0,0.0,0.0,0.0,0.0,512,1024,0.0,0.0
6,0.0,0.0,True,True,reversed,0.0,2.0,2.0,0.0,1.0,1.0,1.0,0.0,0.0,0.4517575031137485,0.7268905655425326,0.0,0.0,0.0,0.0,0.0,512,1024,0.0,0.0
7,0.0,0.0,True,True,reversed,0.0,2.0,2.0,0.0,1.0,1.0,1.0,0.0,0.0,0.6379415345688005,0.8057812820930764,0.0,0.0,0.0,0.0,0.0,512,1024,0.0,0.0
8,0.0,0.0,True,True,reversed,0.0,2.0,2.0,0.0,1.0,1.0,1.0,0.0,0.0,0.45463086689854165,0.8131298228362744,0.0,0.0,0.0,0.0,0.0,512,1024,0.0,0.0
9,0.0,0.0,True,True,reversed,0.0,2.0,2.0,0.0,1.0,1.0,1.0,0.0,0.0,0.47494198866581333,0.77274124928773,0.0,0.0,0.0,0.0,0.0,512,1024,0.0,0.0
10,0.0,0.0,True,True,reversed,0.0,2.0,2.0,0.0,1.0,1.0,1.0,0.0,0.0,0.38112552201161254,0.5162420037900782,0.0,0.0,0.0,0.0,0.0,512,1024,0.0,0.0
11,0.0,0.0,True,True,reversed,0.0,2.0,2.0,0.0,1.0,1.0,1.0,0.0,0.0,0.5620573134569686,0.7878771683524337,0.0,0.0,0.0,0.0,0.0,512,1024,0.0,0.0
0,0.0,0.05,True,True,reversed,0.0,2.0005861688246513,2.000963336999366,0.0,1.0,1.0,1.0,0.1623585433451731,0.2184983077838064,0.5740271098768167,0.7725121791925856,0.03471824178128488,0.046722992964480285,0.03471824178128488,0.046722992964480285,0.046722992964480285,512,1024,0.0,0.2184983077838064
1,0.0,0.05,True,True,reversed,0.0,2.0004418291727752,2.0014700507287997,0.0,1.0,1.0,1.0,0.1547052886807634,0.23549662948041902,0.4459640917113395,0.6788587601813245,0.033735070897780765,0.051352449288944,0.033735070897780765,0.051352449288944,0.051352449288944,512,1024,0.0,0.23549662948041902
2,0.0,0.05,True,True,reversed,0.0,1.9981135029040014,1.9995099161635272,0.0,1.0,1.0,1.0,0.1589806973633549,0.23658131910114702,0.5303500595713497,0.7892210737508244,0.036571452250405076,0.054422471144850826,0.036571452250405076,0.054422471144850826,0.054422471144850826,512,1024,0.0,0.23658131910114702
3,0.0,0.05,True,True,reversed,0.0,2.00249689894785,2.0001686875705373,0.0,1.0,1.0,1.0,0.16142694157774215,0.14886255129982162,0.5522321007208894,0.5092500583824879,0.0349232164133492,0.03220502751322511,0.0349232164133492,0.03220502751322511,0.03220502751322511,512,1024,0.0,0.14886255129982162
4,0.0,0.05,True,True,reversed,0.0,1.9986361156573922,2.00138926252645,0.0,1.0,1.0,1.0,0.1489424204113198,0.21173339447957368,0.38364280456319194,0.5453784962907365,0.03699209795781751,0.05258718401312034,0.03699209795781751,0.05258718401312034,0.05258718401312034,512,1024,0.0,0.21173339447957368
5,0.0,0.05,True,True,reversed,0.0,2.0006264154580062,1.9990439962563216,0.0,1.0,1.0,1.0,0.15307456536403327,0.29568228383234096,0.4349965774905649,0.8402492026404481,0.030863684954779588,0.059616990146001865,0.030863684954779588,0.059616990146001865,0.059616990146001865,512,1024,0.0,0.29568228383234096
6,0.0,0.05,True,True,reversed,0.0,2.0010924660010123,2.000867483815001,0.0,1.0,1.0,1.0,0.15424365766954756,0.24818239604652642,0.46087422591026517,0.741559629683756,0.038412974510905445,0.06180755952906095,0.038412974510905445,0.06180755952906095,0.06180755952906095,512,1024,0.0,0.24818239604652642
7,0.0,0.05,True,True,reversed,0.0,2.000064220404428,1.999903629165027,0.0,1.0,1.0,1.0,0.1458189147714017,0.18418326089606443,0.6508143014921072,0.8220408201125886,0.03394194402577593,0.042871927428753356,0.03394194402577593,0.042871927428753356,0.042871927428753356,512,1024,0.0,0.18418326089606443
8,0.0,0.05,True,True,reversed,0.0,1.9994139770487724,1.9996546198609644,0.0,1.0,1.0,1.0,0.15393814249100177,0.2753259922392985,0.48193895950837284,0.8619716990100363,0.03245967641394872,0.058055738959948706,0.03245967641394872,0.058055738959948706,0.058055738959948706,512,1024,0.0,0.2753259922392985
9,0.0,0.05,True,True,reversed,0.0,2.0013485743642434,1.999526368814196,0.0,1.0,1.0,1.0,0.15680305939882705,0.2551220883888751,0.5040945676501287,0.8201731480077865,0.035438684674543176,0.05765953342101634,0.035438684674543176,0.05765953342101634,0.05765953342101634,512,1024,0.0,0.2551220883888751
10,0.0,0.05,True,True,reversed,0.0,1.999365663102871,2.0007958359291784,0.0,1.0,1.0,1.0,0.1598669575350237,0.2165429333152592,0.4082348138753484,0.5529620719691876,0.032228951202080074,0.043654747288499676,0.032228951202080074,0.043654747288499676,0.043654747288499676,512,1024,0.0,0.2165429333152592
11,0.0,0.05,True,True,reversed,0.0,2.0015908086610694,1.9993256586869612,0.0,1.0,1.0,1.0,0.16177324665773665,0.22676948496220498,0.5775439833147407,0.8095859750926285,0.0365522829458098,0.051238029458300825,0.0365522829458098,0.051238029458300825,0.051238029458300825,512,1024,0.0,0.22676948496220498
0,0.0,0.2,True,True,reversed,0.0,2.001087879684324,1.996495772072827,0.0,1.0,1.0,1.0,0.32461013811874784,0.43685268669616156,0.6532104593475664,0.8790752679438185,0.15294632558447988,0.2058315665650709,0.15294632558447988,0.2058315665650709,0.2058315665650709,512,1024,0.0,0.43685268669616156
1,0.0,0.2,True,True,reversed,0.0,2.0021940912169574,1.9999237187127532,0.0,1.0,1.0,1.0,0.3007047240657988,0.45774097052662976,0.5112263125341224,0.778202700955621,0.13284601848776284,0.2022218494308763,0.13284601848776284,0.2022218494308763,0.2022218494308763,512,1024,0.0,0.45774097052662976
2,0.0,0.2,True,True,reversed,0.0,2.000515646037642,1.9988555515287925,0.0,1.0,1.0,1.0,0.30308566319350944,0.4510258615552803,0.5965952170671309,0.8878013857279163,0.15100082425390382,0.22470636234347924,0.15100082425390382,0.22470636234347924,0.22470636234347924,512,1024,0.0,0.4510258615552803
3,0.0,0.2,True,True,reversed,0.0,2.0016495907012666,2.0003717312668887,0.0,1.0,1.0,1.0,0.35544984682228065,0.32778401510885874,0.6027870972702734,0.5558701931241886,0.1406233913167179,0.12967820984056955,0.1406233913167179,0.12967820984056955,0.12967820984056955,512,1024,0.0,0.32778401510885874
4,0.0,0.2,True,True,reversed,0.0,2.00205969295318,2.0009153754469606,0.0,1.0,1.0,1.0,0.3158372265636564,0.448987520806092,0.4855784686841763,0.6902880802981773,0.13503024293498136,0.19195613724464605,0.13503024293498136,0.19195613724464605,0.19195613724464605,512,1024,0.0,0.448987520806092
5,0.0,0.2,True,True,reversed,0.0,2.0019558922446485,2.003522534701727,0.0,1.0,1.0,1.0,0.27825140799661735,0.5374766970616243,0.4951928687218543,0.9565257168162411,0.12737451888919538,0.24603949426631644,0.12737451888919538,0.24603949426631644,0.24603949426631644,512,1024,0.0,0.5374766970616243
6,0.0,0.2,True,True,reversed,0.0,2.0018890966683203,2.0006388100970134,0.0,1.0,1.0,1.0,0.3165504446478364,0.5093385945930143,0.5419573500251379,0.8720246635516605,0.13959641043000612,0.224614562073195,0.13959641043000612,0.224614562073195,0.224614562073195,512,1024,0.0,0.5093385945930143
7,0.0,0.2,True,True,reversed,0.0,2.0022518654224157,2.0011159915871404,0.0,1.0,1.0,1.0,0.3339034606935993,0.4217520635881826,0.7404180775225662,0.935218974563696,0.13969921212956088,0.17645349010428812,0.13969921212956088,0.17645349010428812,0.17645349010428812,512,1024,0.0,0.4217520635881826
8,0.0,0.2,True,True,reversed,0.0,1.9980719671661735,2.001050319870142,0.0,1.0,1.0,1.0,0.30698663412410926,0.5490607998557827,0.5513845255381551,0.9861785334200797,0.1429784306565071,0.25572400480031526,0.1429784306565071,0.25572400480031526,0.25572400480031526,512,1024,0.0,0.5490607998557827
9,0.0,0.2,True,True,reversed,0.0,1.9994289086444195,1.9994655519607563,0.0,1.0,1.0,1.0,0.30690666103371156,0.4993440089980974,0.5678950712075412,0.9239779957590588,0.13774905454940953,0.22412079588863762,0.13774905454940953,0.22412079588863762,0.22412079588863762,512,1024,0.0,0.4993440089980974
10,0.0,0.2,True,True,reversed,0.0,2.0022109135265977,2.0001429762897653,0.0,1.0,1.0,1.0,0.3187269028156702,0.4317218487570971,0.48463365552273385,0.6564458032373481,0.13758996909944696,0.18636831502233855,0.13758996909944696,0.18636831502233855,0.18636831502233855,512,1024,0.0,0.4317218487570971
11,0.0,0.2,True,True,reversed,0.0,1.9998949805475332,2.0030769818821192,0.0,1.0,1.0,1.0,0.3337737260955537,0.46787523601316683,0.6421086190748702,0.9000909844225919,0.13973260105849508,0.19587348729857973,0.13973260105849508,0.19587348729857973,0.19587348729857973,512,1024,0.0,0.46787523601316683
0,0.05,0.0,True,True,reversed,0.002506024807530703,2.0022499868645287,2.002169282901333,0.00249871263893368,0.9987519973159747,1.0,1.0,0.04657614470609053,0.06268107973683067,0.5638450358047151,0.7588093834625591,0.0334164238567748,0.04497103702987109,0.0334164238567748,0.04497103702987109,0.04497103702987109,512,1024,0.0,0.06268107973683067
1,0.05,0.0,True,True,reversed,0.002494264702636452,2.0024779442948764,2.0024157277312082,0.0025013266041040106,0.9987508455065232,1.0,1.0,0.05038152419630234,0.07669213662629412,0.40921849016051076,0.6229235986413258,0.035317471028108206,0.05376122212637722,0.035317471028108206,0.05376122212637722,0.05376122212637722,512,1024,0.0,0.07669213662629412
2,0.05,0.0,True,True,reversed,0.0025069606783890055,2.0024196374044925,2.0024079479015504,0.002499903998361785,0.9987515511007726,1.0,1.0,0.04924378047290128,0.07328033361924134,0.520376643934774,0.7743794994818908,0.03520796514135248,0.05239344759553391,0.03520796514135248,0.05239344759553391,0.05239344759553391,512,1024,0.0,0.07328033361924134
3,0.05,0.0,True,True,reversed,0.002481265082468257,2.002546605734821,2.0025166936244068,0.0024940255387067073,0.9987545544331056,1.0,1.0,0.051233283163451424,0.047245628075686476,0.5326337746854815,0.4911771345797935,0.036140303751610654,0.03332738493731751,0.036140303751610654,0.03332738493731751,0.03332738493731751,512,1024,0.0,0.047245628075686476
4,0.05,0.0,True,True,reversed,0.002495654886910461,2.0025681641841633,2.0030028194955563,0.0025021693167113926,0.9987507909163394,1.0,1.0,0.05102089208703859,0.07253022101515193,0.351937521418008,0.5003069363904276,0.03505963208841161,0.0498400314080044,0.03505963208841161,0.0498400314080044,0.0498400314080044,512,1024,0.0,0.07253022101515193
5,0.05,0.0,True,True,reversed,0.0025010365916839864,2.0035977928089306,2.0028612763091953,0.0024919775911669507,0.9987557912169737,1.0,1.0,0.044996352008228234,0.08691596866061035,0.4066368982472317,0.7854690064172573,0.03439670617973253,0.06644145364937937,0.03439670617973253,0.06644145364937937,0.06644145364937937,512,1024,0.0,0.08691596866061035
6,0.05,0.0,True,True,reversed,0.0024966463805177713,2.0023783829835056,2.002414302872348,0.0024893731486995037,0.9987568141392476,1.0,1.0,0.04888410293961735,0.07865590053713141,0.45081855608089005,0.725379773281143,0.03555703543568036,0.05721227299759925,0.03555703543568036,0.05721227299759925,0.05721227299759925,512,1024,0.0,0.07865590053713141
7,0.05,0.0,True,True,reversed,0.002495496719453097,2.0028842999719614,2.0026925519985355,0.0024933861284975834,0.9987549830721599,1.0,1.0,0.05191000886136338,0.06556731491396768,0.638878983099689,0.8069653694085797,0.034906055148572604,0.04408969215249469,0.034906055148572604,0.04408969215249469,0.04408969215249469,512,1024,0.0,0.06556731491396768
8,0.05,0.0,True,True,reversed,0.002502943567494134,2.0017531796581,2.003096254341255,0.0025131015830163156,0.9987453915019961,1.0,1.0,0.05131509219563529,0.0917795839743891,0.4577980449076453,0.8187944775725489,0.035136849531060534,0.06284399567746933,0.035136849531060534,0.06284399567746933,0.06284399567746933,512,1024,0.0,0.0917795839743891
9,0.05,0.0,True,True,reversed,0.002497263223823029,2.0026559002409465,2.0024401874643973,0.002494512494018869,0.9987542636680812,1.0,1.0,0.049905923700828414,0.08119805523148131,0.47243554553592415,0.7686632101973138,0.036904965265336306,0.06004520477157173,0.036904965265336306,0.06004520477157173,0.06004520477157173,512,1024,0.0,0.08119805523148131
10,0.05,0.0,True,True,reversed,0.0025044115014523404,2.0023683109952772,2.002823767855134,0.0024992093571806146,0.998752157130701,1.0,1.0,0.05025168220442905,0.06806689034655158,0.3835191731377425,0.519484251244947,0.035233530023233484,0.04772450830316667,0.035233530023233484,0.04772450830316667,0.04772450830316667,512,1024,0.0,0.06806689034655158
11,0.05,0.0,True,True,reversed,0.0024954430251358083,2.0024233690808497,2.0025272420895757,0.0025023423198128137,0.9987504078510305,1.0,1.0,0.048816501766561396,0.0684296890367829,0.5616914626507381,0.787364328308632,0.03478660172630862,0.048762943935656576,0.03478660172630862,0.048762943935656576,0.048762943935656576,512,1024,0.0,0.0684296890367829
0,0.05,0.05,True,True,reversed,0.002503845675750263,2.002193022681295,2.001975145905683,0.002487859460142843,0.9987572975292771,1.0,1.0,0.16694148727055758,0.22466592589451884,0.5843340346890915,0.7863829961113427,0.05176390560229147,0.06966264629718752,0.05176390560229147,0.06966264629718752,0.06966264629718752,512,1024,0.0,0.22466592589451884
1,0.05,0.05,True,True,reversed,0.002502484959072735,2.0033903797248853,2.0041895521209385,0.002496258298867032,0.998754479936179,1.0,1.0,0.16371144508713534,0.24920604753819872,0.4471980191699751,0.6807370783694742,0.0510359692521923,0.07768835082269589,0.0510359692521923,0.07768835082269589,0.07768835082269589,512,1024,0.0,0.24920604753819872
2,0.05,0.05,True,True,reversed,0.0025070859955226904,2.001427928509636,2.003882211091265,0.0025086586977533984,0.9987481007197587,1.0,1.0,0.16502732842556544,0.24557939230462683,0.542138982839761,0.8067643294031035,0.05018515876823022,0.0746812113520462,0.05018515876823022,0.0746812113520462,0.0746812113520462,512,1024,0.0,0.24557939230462683
3,0.05,0.05,True,True,reversed,0.0024986655652555487,2.0031737124260163,2.001938912319783,0.002506656008577144,0.998747885865472,1.0,1.0,0.1634033311103798,0.15068511192889117,0.5454978754699665,0.5030399800518068,0.05034358059213435,0.04642517398438173,0.05034358059213435,0.04642517398438173,0.04642517398438173,512,1024,0.0,0.15068511192889117
4,0.05,0.05,True,True,reversed,0.002499721005381375,2.0005165272357623,2.0045415222003915,0.0025126938056665563,0.9987464994973472,1.0,1.0,0.1653196201375287,0.23501487520564232,0.395267643694427,0.5619041217152333,0.047217924959219754,0.06712400338525419,0.047217924959219754,0.06712400338525419,0.06712400338525419,512,1024,0.0,0.23501487520564232
5,0.05,0.05,True,True,reversed,0.0025084839377979514,2.003641427396486,2.0024292815486056,0.002500737255800717,0.9987511482783218,1.0,1.0,0.16532519933129614,0.319345884778847,0.4327667947739345,0.8359421040409176,0.057903526230123376,0.11184775757456789,0.057903526230123376,0.11184775757456789,0.11184775757456789,512,1024,0.0,0.319345884778847
6,0.05,0.05,True,True,reversed,0.0024946525971871075,2.0026286007933685,2.004416625703427,0.002490155106501916,0.9987576659090882,1.0,1.0,0.17482683676219735,0.28130131181039414,0.4876728884255231,0.7846794335989873,0.05228905056457318,0.08413455731136912,0.05228905056457318,0.08413455731136912,0.08413455731136912,512,1024,0.0,0.28130131181039414
7,0.05,0.05,True,True,reversed,0.0024954091703015308,2.0025457343022306,2.0027142960180675,0.0025056628616987064,0.9987488665424317,1.0,1.0,0.16775887876954285,0.21189553758839116,0.6519544822803396,0.8234809776937702,0.05181883970524678,0.06545215953448195,0.05181883970524678,0.06545215953448195,0.06545215953448195,512,1024,0.0,0.21189553758839116
8,0.05,0.05,True,True,reversed,0.0025069578043656017,2.0021632400290934,2.0025486671749704,0.0025008088945316902,0.9987511869571392,1.0,1.0,0.16303032724690775,0.29158781500157566,0.4860863225167696,0.8693894631650777,0.053360843827715866,0.0954385120922899,0.053360843827715866,0.0954385120922899,0.0954385120922899,512,1024,0.0,0.29158781500157566
9,0.05,0.05,True,True,reversed,0.002490018355322279,2.000856049492507,2.002765475012462,0.002491880194188881,0.9987557803321064,1.0,1.0,0.16277413624664044,0.2648371641098786,0.5090494351039863,0.8282348282923719,0.050841315026741316,0.08271995786171484,0.050841315026741316,0.08271995786171484,0.08271995786171484,512,1024,0.0,0.2648371641098786
10,0.05,0.05,True,True,reversed,0.002496493159251888,2.002837683902742,2.0022213490827494,0.002495837006203758,0.9987534659904874,1.0,1.0,0.1612893612275062,0.21846960704870497,0.4016612180150193,0.5440580072895751,0.0500678385532168,0.06781787051081621,0.0500678385532168,0.06781787051081621,0.06781787051081621,512,1024,0.0,0.21846960704870497
11,0.05,0.05,True,True,reversed,0.002484707959943997,2.0034420973385187,2.0028504462592465,0.0025008935317353815,0.9987513328634167,1.0,1.0,0.16463945871975913,0.2307872656924912,0.5854654081284095,0.8206900201821298,0.04967765415642535,0.06963682982154182,0.04967765415642535,0.06963682982154182,0.06963682982154182,512,1024,0.0,0.2307872656924912
0,0.05,0.2,True,True,reversed,0.002512078782713778,2.0015090765166703,2.003470746771365,0.0025026212251773364,0.9987508571167258,1.0,1.0,0.32932772326428156,0.44320150179321316,0.6573950190910595,0.884706749995426,0.15377507971022503,0.20694688436919276,0.15377507971022503,0.20694688436919276,0.20694688436919276,512,1024,0.0,0.44320150179321316
1,0.05,0.2,True,True,reversed,0.0024969214863474433,2.004916273964592,2.004838011358838,0.0024996768496653612,0.998753177645524,1.0,1.0,0.3081719783699905,0.4691078296373032,0.5285906227101255,0.8046351297017349,0.14052340142621841,0.21390857210632142,0.14052340142621841,0.21390857210632142,0.21390857210632142,512,1024,0.0,0.4691078296373032
2,0.05,0.2,True,True,reversed,0.0024930756970312404,2.0022914451979252,2.00476181680351,0.002498541957718203,0.998753696355958,1.0,1.0,0.33267265803827406,0.4950546674713543,0.6185327543681459,0.9204469307442577,0.15338820072599943,0.22825904945786857,0.15338820072599943,0.22825904945786857,0.22825904945786857,512,1024,0.0,0.4950546674713543
3,0.05,0.2,True,True,reversed,0.0025023957130058555,1.9977684143181669,2.0018482543663185,0.002502044546821775,0.9987501327628783,1.0,1.0,0.3571931984946251,0.3293916759814587,0.6220099881373083,0.5735969031135911,0.14753874459544664,0.1360553184083818,0.14753874459544664,0.1360553184083818,0.1360553184083818,512,1024,0.0,0.3293916759814587
4,0.05,0.2,True,True,reversed,0.0024921245538648187,2.002348443231024,2.0021519249867317,0.002517553154929804,0.9987425763632066,1.0,1.0,0.3152003114608281,0.4480820957677132,0.4500080013467815,0.639721856305224,0.14445115337647857,0.20534870426052798,0.14445115337647857,0.20534870426052798,0.20534870426052798,512,1024,0.0,0.4480820957677132
5,0.05,0.2,True,True,reversed,0.0024930936778215563,2.0025580647755836,2.0020279681049318,0.0025131120191322813,0.9987447168275521,1.0,1.0,0.28474555294204423,0.5500209339466715,0.500079685842808,0.965965203014084,0.1378382200291398,0.2662514154502181,0.1378382200291398,0.2662514154502181,0.2662514154502181,512,1024,0.0,0.5500209339466715
6,0.05,0.2,True,True,reversed,0.0025007998726190766,2.001470340749862,2.0041079517626317,0.002503534201049013,0.9987507987287575,1.0,1.0,0.3389025475514679,0.5453037586659941,0.54073337793992,0.8700552579411283,0.15841715135899298,0.2548976651174318,0.15841715135899298,0.2548976651174318,0.2548976651174318,512,1024,0.0,0.5453037586659941
7,0.05,0.2,True,True,reversed,0.0025119645649363505,2.0017020996289334,2.0012373854033356,0.002499946536448981,0.9987507996029441,1.0,1.0,0.3075142705631405,0.3884199879911739,0.6988780549433837,0.88274994591728,0.14232349218623283,0.1797682072594671,0.14232349218623283,0.1797682072594671,0.1797682072594671,512,1024,0.0,0.3884199879911739
8,0.05,0.2,True,True,reversed,0.002492288722335005,2.003840937722128,2.0034080545073927,0.002500252024569346,0.998752000612684,1.0,1.0,0.3116070494844058,0.5573246415719818,0.5420066049752215,0.9694056580147399,0.14747687381734306,0.2637696931966245,0.14747687381734306,0.2637696931966245,0.2637696931966245,512,1024,0.0,0.5573246415719818
9,0.05,0.2,True,True,reversed,0.002495779704720982,2.0002315598686327,2.002125939920185,0.0024959014412899785,0.9987533744049141,1.0,1.0,0.30758294523723617,0.5004443385389181,0.5680865678736865,0.9242895651223977,0.15723030931561627,0.2558172335694165,0.15723030931561627,0.2558172335694165,0.2558172335694165,512,1024,0.0,0.5004443385389181
10,0.05,0.2,True,True,reversed,0.0025096812929613337,2.001995750572803,2.0054969186739475,0.002506278254759716,0.9987502956342527,1.0,1.0,0.3267881997322416,0.4426410337316232,0.5061110812065454,0.6855373980818559,0.159652172084052,0.21625200220414037,0.159652172084052,0.21625200220414037,0.21625200220414037,512,1024,0.0,0.4426410337316232
11,0.05,0.2,True,True,reversed,0.002513669232150633,2.0042334806120943,2.005385267218622,0.0025094274412122706,0.9987486556911368,1.0,1.0,0.3182013348880661,0.44604626733812264,0.638106490375391,0.8944809056074373,0.14551830896390952,0.20398374056331411,0.14551830896390952,0.20398374056331411,0.20398374056331411,512,1024,0.0,0.44604626733812264
0,0.2,0.0,True,True,reversed,0.04001962316175886,2.0382085193493147,2.0396550459155254,0.040070763238889306,0.9803541469822888,1.0,1.0,0.1965554883302654,0.26451975178465104,0.5871680580739589,0.790196958105919,0.14034481934285428,0.18887275594388578,0.14034481934285428,0.18887275594388578,0.18887275594388578,512,1024,0.0,0.26451975178465104
1,0.2,0.0,True,True,reversed,0.04009934641738252,2.0379775395715214,2.0409609844912566,0.040090098943709684,0.9803572438432953,1.0,1.0,0.19679801754202159,0.29957133472798464,0.4218921502781196,0.6422157913409308,0.13653610053792156,0.20783899343887313,0.13653610053792156,0.20783899343887313,0.20783899343887313,512,1024,0.0,0.29957133472798464
2,0.2,0.0,True,True,reversed,0.040154047841425344,2.0390325914561998,2.0410763407445915,0.03996283923798838,0.9804207033121506,1.0,1.0,0.2039152331596018,0.3034490076204463,0.5317529653307788,0.7913087567252031,0.1456520445272841,0.21674677112082277,0.1456520445272841,0.21674677112082277,0.21674677112082277,512,1024,0.0,0.3034490076204463
3,0.2,0.0,True,True,reversed,0.03992283551113488,2.0403593272929434,2.0398448524789856,0.039884918640012534,0.9804470822417983,1.0,1.0,0.2030500317498275,0.18724597934126258,0.5484557291911523,0.5057676142806653,0.14068678738752838,0.12973667158649,0.14068678738752838,0.12973667158649,0.12973667158649,512,1024,0.0,0.18724597934126258
4,0.2,0.0,True,True,reversed,0.039972503319375845,2.0385651275440173,2.0402225609110056,0.04001269046102103,0.9803880756797657,1.0,1.0,0.20271242306687537,0.2881716929307193,0.3777679054512134,0.5370268639769266,0.13571821229920472,0.1929341399411424,0.13571821229920472,0.1929341399411424,0.1929341399411424,512,1024,0.0,0.2881716929307193
5,0.2,0.0,True,True,reversed,0.04008768896361145,2.039680418282636,2.041317949097952,0.03996903000371983,0.9804199879683703,1.0,1.0,0.18814162255221042,0.36341860261280756,0.4289742398801445,0.8286163194477129,0.14144446187625856,0.2732173135592345,0.14144446187625856,0.2732173135592345,0.2732173135592345,512,1024,0.0,0.36341860261280756
6,0.2,0.0,True,True,reversed,0.04000469531776288,2.038110155717148,2.040510487442667,0.04000961586510607,0.9803923498010298,1.0,1.0,0.20158412060375636,0.3243545362724473,0.4706459654766653,0.7572826342842274,0.14205680628758122,0.22857340841010013,0.14205680628758122,0.22857340841010013,0.22857340841010013,512,1024,0.0,0.3243545362724473
7,0.2,0.0,True,True,reversed,0.04001517844003785,2.0393102606300992,2.039583753841657,0.0398486265257942,0.980462373045119,1.0,1.0,0.19897411786095928,0.2513233754276764,0.6468555263034651,0.8170405077419912,0.1348012697767343,0.1702669196196649,0.1348012697767343,0.1702669196196649,0.1702669196196649,512,1024,0.0,0.2513233754276764
8,0.2,0.0,True,True,reversed,0.03984740233778958,2.04148965887314,2.0411537052756703,0.04019790750002529,0.9803062810036658,1.0,1.0,0.20627538111941687,0.36893373573455107,0.4715856577729303,0.8434543060680617,0.1391760860880996,0.24892332321359484,0.1391760860880996,0.24892332321359484,0.24892332321359484,512,1024,0.0,0.36893373573455107
9,0.2,0.0,True,True,reversed,0.04001925607435319,2.038254583233801,2.04240200706273,0.03998097296310213,0.980424533062127,1.0,1.0,0.1873985968022433,0.3049017127639712,0.4868957589418654,0.7921903011661787,0.1357173659927701,0.220815193118431,0.1357173659927701,0.220815193118431,0.220815193118431,512,1024,0.0,0.3049017127639712
10,0.2,0.0,True,True,reversed,0.040002327770169835,2.0399362572764765,2.0388537357980736,0.039920849509765495,0.9804199542081722,1.0,1.0,0.19058847861467715,0.25815583690127564,0.4050699396060145,0.5486751876222117,0.13923865360514112,0.18860149056079353,0.13923865360514112,0.18860149056079353,0.18860149056079353,512,1024,0.0,0.25815583690127564
11,0.2,0.0,True,True,reversed,0.039935418808913034,2.039810330033875,2.0387326762621907,0.03993185384706113,0.9804133939127948,1.0,1.0,0.20213102484330764,0.2833419576203295,0.5830073264930055,0.8172443459561871,0.14329584888551117,0.20086835444267986,0.14329584888551117,0.20086835444267986,0.20086835444267986,512,1024,0.0,0.2833419576203295
0,0.2,0.05,True,True,reversed,0.03990564584600437,2.038954464662865,2.0381887415130033,0.03984510173758982,0.9804507301379696,1.0,1.0,0.24788050148374413,0.333591746950159,0.6080561999363445,0.8183077279837705,0.14690386643348996,0.19769976720211904,0.14690386643348996,0.19769976720211904,0.19769976720211904,512,1024,0.0,0.333591746950159
1,0.2,0.05,True,True,reversed,0.04001009253323921,2.041223151244104,2.0392965484205723,0.040030242382449746,0.9803705633624237,1.0,1.0,0.25287227559432895,0.38492910681542086,0.4790416519148172,0.7292103286750733,0.14585821337687627,0.22202936903579315,0.14585821337687627,0.22202936903579315,0.22202936903579315,512,1024,0.0,0.38492910681542086
2,0.2,0.05,True,True,reversed,0.03995910026175704,2.0395078375943685,2.041247306381222,0.04007090828935453,0.9803694005307014,1.0,1.0,0.24603712670073286,0.3661311652802721,0.5647840697706178,0.8404627885626941,0.15061820109003854,0.2241369756548612,0.15061820109003854,0.2241369756548612,0.2241369756548612,512,1024,0.0,0.3661311652802721
3,0.2,0.05,True,True,reversed,0.03984968707839745,2.038800620016657,2.0425558643288086,0.0401550673747209,0.9803407739900832,1.0,1.0,0.26102449455816185,0.24070809885821454,0.5748397618901082,0.5300980908588454,0.15567747970737714,0.14356058897396418,0.15567747970737714,0.14356058897396418,0.14356058897396418,512,1024,0.0,0.24070809885821454
4,0.2,0.05,True,True,reversed,0.039953321864506904,2.03968838094409,2.0369554287632594,0.04007493950329144,0.9803260596980157,1.0,1.0,0.2500828410338617,0.3555124771503365,0.40923295962709544,0.5817569194557138,0.14845483059130088,0.2110402471047614,0.14845483059130088,0.2110402471047614,0.2110402471047614,512,1024,0.0,0.3555124771503365
5,0.2,0.05,True,True,reversed,0.039925988417125496,2.039065166710622,2.0401953185429926,0.03997550144453589,0.980406041969999,1.0,1.0,0.2532820280633886,0.48924527947127117,0.4596139006438642,0.8878005794122588,0.14477498039458336,0.27965061826601084,0.14477498039458336,0.27965061826601084,0.27965061826601084,512,1024,0.0,0.48924527947127117
6,0.2,0.05,True,True,reversed,0.0401493877262003,2.038460354731005,2.038721022934356,0.040153803780153624,0.9803044147146922,1.0,1.0,0.2646736687445085,0.4258673988409019,0.497606691638643,0.8006632031784708,0.1545212639310725,0.2486290723519495,0.1545212639310725,0.2486290723519495,0.2486290723519495,512,1024,0.0,0.4258673988409019
7,0.2,0.05,True,True,reversed,0.04039353490285823,2.041307906474954,2.0381942964624407,0.039916973826199346,0.9804155207894161,1.0,1.0,0.2556527456151441,0.3229139129052418,0.6861981472902633,0.8667340076346922,0.14791443257514883,0.18683010066280506,0.14791443257514883,0.18683010066280506,0.18683010066280506,512,1024,0.0,0.3229139129052418
8,0.2,0.05,True,True,reversed,0.04016091519191136,2.040019565869875,2.040760991328828,0.0401374514176572,0.9803321155254335,1.0,1.0,0.26808394544889796,0.4794814143509513,0.5112459178585509,0.9143886455621245,0.15643627554493902,0.27979402693616556,0.15643627554493902,0.27979402693616556,0.27979402693616556,512,1024,0.0,0.4794814143509513
9,0.2,0.05,True,True,reversed,0.04001912221499745,2.0407320233168047,2.0377109108132743,0.03995777952846078,0.9803908496949093,1.0,1.0,0.2447557158520337,0.3982230296569841,0.5256825899683226,0.8552973436651863,0.14605723864837133,0.2376383974339952,0.14605723864837133,0.2376383974339952,0.2376383974339952,512,1024,0.0,0.3982230296569841
10,0.2,0.05,True,True,reversed,0.04016337163734004,2.0404639900837305,2.040429761717286,0.040018673312825055,0.9803871350714155,1.0,1.0,0.26512642982654183,0.359118955531908,0.4521649040701571,0.6124662418005533,0.15706550669746816,0.21274831314323359,0.15706550669746816,0.21274831314323359,0.21274831314323359,512,1024,0.0,0.359118955531908
11,0.2,0.05,True,True,reversed,0.04017228194382853,2.0389852654499756,2.0380459218887057,0.039846609425564755,0.9804486204174252,1.0,1.0,0.2544621192511696,0.3566983102407759,0.5979991318368031,0.8382594646281843,0.15709844122635921,0.2202164655855534,0.15709844122635921,0.2202164655855534,0.2202164655855534,512,1024,0.0,0.3566983102407759
0,0.2,0.2,True,True,reversed,0.04024543579462198,2.039494384836507,2.0403542538321355,0.04002457214206428,0.9803835181724491,1.0,1.0,0.3728387671985789,0.5017576410247583,0.6676878909289242,0.8985586547518498,0.21061184971180583,0.28343647222439217,0.21061184971180583,0.28343647222439217,0.28343647222439217,512,1024,0.0,0.5017576410247583
1,0.2,0.2,True,True,reversed,0.03988922468685286,2.0407829109175077,2.03921537518362,0.03997721868397278,0.9803957840008081,1.0,1.0,0.32465649094123117,0.49420100636227887,0.5173345787908803,0.7875008712231144,0.20756291049261838,0.3159579497441931,0.20756291049261838,0.3159579497441931,0.3159579497441931,512,1024,0.0,0.49420100636227887
2,0.2,0.2,True,True,reversed,0.040121646959136954,2.0401201505675153,2.0379690258357983,0.04016115077959763,0.9802935421144946,1.0,1.0,0.37137855139593784,0.5526534292041427,0.6271442536788809,0.933261818967549,0.2121777966168441,0.31574463969585254,0.2121777966168441,0.31574463969585254,0.31574463969585254,512,1024,0.0,0.5526534292041427
3,0.2,0.2,True,True,reversed,0.040270509476379855,2.0390539719837046,2.0423395275270515,0.04000369044486627,0.9804128109427014,1.0,1.0,0.3888443058731179,0.35857927347774116,0.6289651513808259,0.5800107231055789,0.21155089081060635,0.19508518855664814,0.21155089081060635,0.19508518855664814,0.19508518855664814,512,1024,0.0,0.35857927347774116
4,0.2,0.2,True,True,reversed,0.03988579758976393,2.0387646986853882,2.037975516815748,0.039903453822781425,0.9804200524032158,1.0,1.0,0.35158392140074657,0.49980426608511064,0.48703812714182454,0.692363099887393,0.20442270155348288,0.2906029886520777,0.20442270155348288,0.2906029886520777,0.2906029886520777,512,1024,0.0,0.49980426608511064
5,0.2,0.2,True,True,reversed,0.04012173551625174,2.038493005545432,2.039025139327056,0.04003117687728647,0.9803674922367568,1.0,1.0,0.3384669573404695,0.6537904106421082,0.5321538479129844,1.0279203780646526,0.20664183838194988,0.3991540368759701,0.20664183838194988,0.3991540368759701,0.3991540368759701,512,1024,0.0,0.6537904106421082
6,0.2,0.2,True,True,reversed,0.04030331740632383,2.0389080991198383,2.0424175256589825,0.04008530831870822,0.9803735975552919,1.0,1.0,0.37636428325404137,0.6055807481202059,0.565073763650785,0.909219625135798,0.2104271723537275,0.33858325598015276,0.2104271723537275,0.33858325598015276,0.33858325598015276,512,1024,0.0,0.6055807481202059
7,0.2,0.2,True,True,reversed,0.04021088628295707,2.0400075301107865,2.039733586492654,0.04002844757763587,0.9803756491324609,1.0,1.0,0.3883085894538115,0.4904709540026064,0.7656090727448304,0.9670376151874277,0.21017176110021862,0.2654670717334045,0.21017176110021862,0.2654670717334045,0.2654670717334045,512,1024,0.0,0.4904709540026064
8,0.2,0.2,True,True,reversed,0.04008545853677338,2.040085975943788,2.0391736087724555,0.03975929526125273,0.9805022509656807,1.0,1.0,0.35348152140092687,0.6322192085931911,0.5877681980631058,1.051252533775952,0.21238451340281064,0.37986022140229153,0.21238451340281064,0.37986022140229153,0.37986022140229153,512,1024,0.0,0.6322192085931911
9,0.2,0.2,True,True,reversed,0.040046450600618,2.038925254351785,2.0412093908546947,0.04005344035736231,0.980377593530181,1.0,1.0,0.3627198809478876,0.5901533674302879,0.5840437681460189,0.9502522872397151,0.21583608648007746,0.3511701451718685,0.21583608648007746,0.3511701451718685,0.3511701451718685,512,1024,0.0,0.5901533674302879
10,0.2,0.2,True,True,reversed,0.03974286214384692,2.0398257566470446,2.0407952976378834,0.04013893860495197,0.9803317174184933,1.0,1.0,0.3682470947875961,0.4987979212193277,0.5166253637714614,0.6997792002867524,0.21197431791828641,0.2871233761953024,0.21197431791828641,0.2871233761953024,0.2871233761953024,512,1024,0.0,0.4987979212193277
11,0.2,0.2,True,True,reversed,0.03983169768474025,2.0412686389174173,2.0406178403263833,0.03998296682486607,0.9804064406207136,1.0,1.0,0.38554832435949754,0.5404515069665452,0.6752124390712955,0.9464950491611412,0.202938207118524,0.28447344451697754,0.202938207118524,0.28447344451697754,0.28447344451697754,512,1024,0.0,0.5404515069665452
